"Serial","ID","Asset Number"
"D74HYTD9LT","SC875","จักราชวิทยา_SC875"
"HCFC4R7WDN","SC788","จักราชวิทยา_SC788"
"MD2GVGYVYG","SC964","จักราชวิทยา_SC964"
"M773WQYXJ5","SC1054","จักราชวิทยา_SC1054"
"KHQN6VC6KK","SC1072","จักราชวิทยา_SC1072"
"JKYHHMQ1VM","SC408","จักราชวิทยา_SC408"
"HFW1R4JQPK","SC593","จักราชวิทยา_SC593"
"JJ4NK9PYPN","SC840","จักราชวิทยา_SC840"
"D44TYQ5FK6","SC830","จักราชวิทยา_SC830"
"FQHCQVP42P","SC416","จักราชวิทยา_SC416"
"CMWLWL4PW1","SC378","จักราชวิทยา_SC378"
"M63M2QNWN2","SC197","จักราชวิทยา_SC197"
"DL7N00M2Y0","SC860","จักราชวิทยา_SC860"
"LF0JVVVVJX","SC564","จักราชวิทยา_SC564"
"F9VVF5Q49F","TC45","จักราชวิทยา_TC45"
"H6Q17NJQWN","SC716","จักราชวิทยา_SC716"
"GD4DXDC9QT","SC687","จักราชวิทยา_SC687"
"CH77JWN6GH","SC912","จักราชวิทยา_SC912"
"F799J45YGR","SC502","จักราชวิทยา_SC502"
"CMF93XKHQ6","SC115","จักราชวิทยา_SC115"
"GYV2334TXL","SC417","จักราชวิทยา_SC417"
"MFH3Q992NN","SC215","จักราชวิทยา_SC215"
"H4NVK3XRWK","SC466","จักราชวิทยา_SC466"
"MP43D7PWR4","SC476","จักราชวิทยา_SC476"
"J49W5QDQJT","SC728","จักราชวิทยา_SC728"
"LP979VMVTG","SC556","จักราชวิทยา_SC556"
"G76H06MXYC","SC426","จักราชวิทยา_SC426"
"JVMWFP437K","SC198","จักราชวิทยา_SC198"
"J1QQ9T40MF","SC677","จักราชวิทยา_SC677"
"J6FGPD63N9","SC233","จักราชวิทยา_SC233"
"FNX42R09VC","SC377","จักราชวิทยา_SC377"
"HQKXW3V653","SC193","จักราชวิทยา_SC193"
"JFMWT9KL7H","SC542","จักราชวิทยา_SC542"
"D57JGKLQ2R","SC336","จักราชวิทยา_SC336"
"LG3G9LXLN4","TC23","จักราชวิทยา_TC23"
"JX0NV6DX01","SC349","จักราชวิทยา_SC349"
"GJWKXLHFLX","SC776","จักราชวิทยา_SC776"
"LNXHYGGF7G","SC324","จักราชวิทยา_SC324"
"M7X0MHH2JM","SC975","จักราชวิทยา_SC975"
"C0941Y7P32","SC856","จักราชวิทยา_SC856"
"HM66M3V55Q","SC857","จักราชวิทยา_SC857"
"K9QXKM9H4R","SC161","จักราชวิทยา_SC161"
"JWQ3Q9CWNT","SC576","จักราชวิทยา_SC576"
"CYDX1KH4K2","SC326","จักราชวิทยา_SC326"
"C7JH40M7TN","SC1030","จักราชวิทยา_SC1030"
"C7ML9KD9LM","SC918","จักราชวิทยา_SC918"
"JTJHKWG2H5","SC585","จักราชวิทยา_SC585"
"L37Q7W4713","SC538","จักราชวิทยา_SC538"
"H0F33H3JFC","SC785","จักราชวิทยา_SC785"
"HDYHGPHGGK","SC239","จักราชวิทยา_SC239"
"G4M639KC70","SC790","จักราชวิทยา_SC790"
"M6T00L6Y9C","SC272","จักราชวิทยา_SC272"
"F7QY6TL9V6","SC383","จักราชวิทยา_SC383"
"KDQYNPK2R0","SC108","จักราชวิทยา_SC108"
"G793DLPMGM","SC622","จักราชวิทยา_SC622"
"K96L1637QM","SC482","จักราชวิทยา_SC482"
"MFPM766404","SC845","จักราชวิทยา_SC845"
"MN7WYX6KDM","SC581","จักราชวิทยา_SC581"
"MLXVV7GR75","SC922","จักราชวิทยา_SC922"
"H6Q59972JC","SC913","จักราชวิทยา_SC913"
"KRQRFP3VQ6","SC953","จักราชวิทยา_SC953"
"F17Y237YJD","SC1106","จักราชวิทยา_SC1106"
"HTWV6GYWCC","SC1064","จักราชวิทยา_SC1064"
"HD47VWC04L","SC1043","จักราชวิทยา_SC1043"
"D1WQCV7K14","SC330","จักราชวิทยา_SC330"
"HFJ44NJKQ0","SC47","จักราชวิทยา_SC47"
"GF36NH7XCJ","SC638","จักราชวิทยา_SC638"
"FQG7FYF63H","SC21","จักราชวิทยา_SC21"
"K3X4V7GCQL","SC684","จักราชวิทยา_SC684"
"HQ9XT46TX4","SC284","จักราชวิทยา_SC284"
"JXV7F9HP77","SC74","จักราชวิทยา_SC74"
"K4X9R70K2Q","SC278","จักราชวิทยา_SC278"
"HDX11QL6F9","SC10","จักราชวิทยา_SC10"
"HWLGDJM71K","SC54","จักราชวิทยา_SC54"
"JVXWW7DJCD","SC63","จักราชวิทยา_SC63"
"FWP2054757","SC168","จักราชวิทยา_SC168"
"HLW9QYQQK5","TC81","จักราชวิทยา_TC81"
"HHFM9NLVY4","SC759","จักราชวิทยา_SC759"
"G6933T2002","SC897","จักราชวิทยา_SC897"
"LGQ2364YXQ","SC346","จักราชวิทยา_SC346"
"DJ2JHCX34J","SC621","จักราชวิทยา_SC621"
"J4K3V6YC9M","SC878","จักราชวิทยา_SC878"
"C6WX6MCWRN","SC932","จักราชวิทยา_SC932"
"K90971V2KM","SC777","จักราชวิทยา_SC777"
"JXJWYG5V23","SC1079","จักราชวิทยา_SC1079"
"J6R627KTFH","SC560","จักราชวิทยา_SC560"
"C590TLW7NY","SC269","จักราชวิทยา_SC269"
"MRP6NX63Q2","SC158","จักราชวิทยา_SC158"
"J0VJ4M2K6V","SC240","จักราชวิทยา_SC240"
"DDXW77R37L","TC111","จักราชวิทยา_TC111"
"HFQC6J62J3","SC972","จักราชวิทยา_SC972"
"FYQJ45VYW7","SC452","จักราชวิทยา_SC452"
"J3DT2W4LXH","SC883","จักราชวิทยา_SC883"
"JTH2R24M0M","SC955","จักราชวิทยา_SC955"
"H499XJ4PRG","SC775","จักราชวิทยา_SC775"
"HQ679WQR96","SC903","จักราชวิทยา_SC903"
"GV7Y79G5Q7","SC1107","จักราชวิทยา_SC1107"
"FV7QVD4QP5","SC1058","จักราชวิทยา_SC1058"
"GC4T4L65JM","SC1105","จักราชวิทยา_SC1105"
"GHR2RFYXRW","SC579","จักราชวิทยา_SC579"
"LVXHX44RM2","SC640","จักราชวิทยา_SC640"
"H6902KR499","SC631","จักราชวิทยา_SC631"
"FN2V493RGV","SC117","จักราชวิทยา_SC117"
"F3PXP4M4VR","SC78","จักราชวิทยา_SC78"
"G7X1C7VQWD","SC211","จักราชวิทยา_SC211"
"HQWRWMV2YK","SC125","จักราชวิทยา_SC125"
"C3QF4Q9R25","SC91","จักราชวิทยา_SC91"
"C21G691P44","SC323","จักราชวิทยา_SC323"
"M4GQ4J2PJG","SC902","จักราชวิทยา_SC902"
"J1QGYL6LQR","SC996","จักราชวิทยา_SC996"
"K0DKL4GFQR","TC118","จักราชวิทยา_TC118"
"M2J3GC44C3","TC92","จักราชวิทยา_TC92"
"CL7VL4R6HV","SC928","จักราชวิทยา_SC928"
"J64YCF02D6","SC1102","จักราชวิทยา_SC1102"
"DQ167P7VDL","SC287","จักราชวิทยา_SC287"
"GVYGRXD9W4","SC1062","จักราชวิทยา_SC1062"
"H2FLW2V6WH","SC124","จักราชวิทยา_SC124"
"HH4GH90QJ4","SC567","จักราชวิทยา_SC567"
"M2C217TNQ7","SC832","จักราชวิทยา_SC832"
"LF4GJ33KF4","SC103","จักราชวิทยา_SC103"
"H7V7HGHX20","SC895","จักราชวิทยา_SC895"
"KD72K50QT2","TC51","จักราชวิทยา_TC51"
"L3R93XY6QW","SC817","จักราชวิทยา_SC817"
"MHK34H2KWH","SC655","จักราชวิทยา_SC655"
"FL64Y2J71H","SC171","จักราชวิทยา_SC171"
"CH4HGGWQ9J","SC619","จักราชวิทยา_SC619"
"C4T9QTJFC3","SC827","จักราชวิทยา_SC827"
"H6V03C211Q","SC219","จักราชวิทยา_SC219"
"F6HF0WPW9X","SC838","จักราชวิทยา_SC838"
"H0XQW64FYF","SC1015","จักราชวิทยา_SC1015"
"F52670NP9R","SC982","จักราชวิทยา_SC982"
"FMYHL0JDQV","SC1070","จักราชวิทยา_SC1070"
"JQXN7FD761","SC431","จักราชวิทยา_SC431"
"DJ6LPWJQ64","SC834","จักราชวิทยา_SC834"
"C6XCHXL2KR","SC920","จักราชวิทยา_SC920"
"MJWPH0X274","SC886","จักราชวิทยา_SC886"
"FQJ4Q0F462","SC751","จักราชวิทยา_SC751"
"L92PYHMQTK","SC762","จักราชวิทยา_SC762"
"F735H79MTC","SC891","จักราชวิทยา_SC891"
"D22G3FHX4L","SC637","จักราชวิทยา_SC637"
"LGV74K7T6P","SC192","จักราชวิทยา_SC192"
"D09JYJ71C7","SC652","จักราชวิทยา_SC652"
"MJ4CQMX6M2","SC712","จักราชวิทยา_SC712"
"G99377NQH4","SC112","จักราชวิทยา_SC112"
"F07Y26VGKX","TC34","จักราชวิทยา_TC34"
"KQGQTC93FJ","TC97","จักราชวิทยา_TC97"
"D9FR26K75N","SC574","จักราชวิทยา_SC574"
"LRHQY7XJW4","SC28","จักราชวิทยา_SC28"
"FVQ03W79F5","TC120","จักราชวิทยา_TC120"
"G7R9GWQQ0L","SC900","จักราชวิทยา_SC900"
"GFVKGJWQM0","SC841","จักราชวิทยา_SC841"
"GQNKCRXTX6","SC566","จักราชวิทยา_SC566"
"FG40N79WPQ","SC107","จักราชวิทยา_SC107"
"J31RQWLQGH","SC230","จักราชวิทยา_SC230"
"M96XQX3RTJ","SC647","จักราชวิทยา_SC647"
"K6122XP3KW","SC846","จักราชวิทยา_SC846"
"FVLK2R7JYF","SC872","จักราชวิทยา_SC872"
"GY4Y7MVNCN","SC164","จักราชวิทยา_SC164"
"FV90GHDJT4","SC413","จักราชวิทยา_SC413"
"L37L7WJ233","SC1025","จักราชวิทยา_SC1025"
"M2RKJH1WM6","SC942","จักราชวิทยา_SC942"
"C0M0HJ9JLY","SC983","จักราชวิทยา_SC983"
"CQKJRYP09R","SC225","จักราชวิทยา_SC225"
"KT9DQ622T2","SC563","จักราชวิทยา_SC563"
"KHCFWLK2DC","SC44","จักราชวิทยา_SC44"
"HQYQCHYXX3","SC321","จักราชวิทยา_SC321"
"FLYKHRW0X2","SC761","จักราชวิทยา_SC761"
"GKM0P7D0H9","SC1086","จักราชวิทยา_SC1086"
"DC2QPLWRDC","SC854","จักราชวิทยา_SC854"
"MHWVQD796R","SC807","จักราชวิทยา_SC807"
"KTF7Y099PV","SC467","จักราชวิทยา_SC467"
"GD4XRV6HWX","SC794","จักราชวิทยา_SC794"
"HYF27NXN6Q","SC1065","จักราชวิทยา_SC1065"
"MWTL6KNXVH","SC654","จักราชวิทยา_SC654"
"GY44P4F9G0","SC412","จักราชวิทยา_SC412"
"CFYPXQF403","SC545","จักราชวิทยา_SC545"
"F2LXJFY93J","SC715","จักราชวิทยา_SC715"
"MHJ633XJ4N","SC156","จักราชวิทยา_SC156"
"M4R7RYFVY3","SC404","จักราชวิทยา_SC404"
"GNVW6VJX9N","SC667","จักราชวิทยา_SC667"
"KG92TC6YG5","SC30","จักราชวิทยา_SC30"
"J1CX6J9XVX","SC79","จักราชวิทยา_SC79"
"HX29FQ303H","SC86","จักราชวิทยา_SC86"
"F7XLM4XVG4","SC938","จักราชวิทยา_SC938"
"JMJ2HV7D3F","TC78","จักราชวิทยา_TC78"
"M277Q9VMRY","TC04","จักราชวิทยา_TC04"
"LYF6L7NT92","SC973","จักราชวิทยา_SC973"
"JLF6YFHX2J","SC577","จักราชวิทยา_SC577"
"FKF2T3QNVX","SC110","จักราชวิทยา_SC110"
"CRF794CR91","SC956","จักราชวิทยา_SC956"
"DX6R6XJPV3","SC869","จักราชวิทยา_SC869"
"MJ2LCXLW6J","SC441","จักราชวิทยา_SC441"
"DG3GC95H23","SC947","จักราชวิทยา_SC947"
"HV9Q0PHF0J","SC187","จักราชวิทยา_SC187"
"J2HGHLHP6M","SC1056","จักราชวิทยา_SC1056"
"G72MW54N2D","SC1007","จักราชวิทยา_SC1007"
"LH6FV2Q9XQ","SC419","จักราชวิทยา_SC419"
"GKQ5VHHDHF","SC791","จักราชวิทยา_SC791"
"L7TGW4PX7G","SC1038","จักราชวิทยา_SC1038"
"CXK4T94573","SC837","จักราชวิทยา_SC837"
"HFM77CT4D5","SC1003","จักราชวิทยา_SC1003"
"MDWW7KJ993","SC68","จักราชวิทยา_SC68"
"LJN1XK4LTV","SC386","จักราชวิทยา_SC386"
"K3VG6G5QGH","SC629","จักราชวิทยา_SC629"
"C4H5M60J2D","SC437","จักราชวิทยา_SC437"
"GXKWLY7JTP","SC570","จักราชวิทยา_SC570"
"FP669YY4P5","SC208","จักราชวิทยา_SC208"
"CX932TDGWT","SC255","จักราชวิทยา_SC255"
"G97RL76N9K","SC29","จักราชวิทยา_SC29"
"KXRR2PG44G","SC339","จักราชวิทยา_SC339"
"LQX9WRMWLF","SC143","จักราชวิทยา_SC143"
"L2GP06P90H","SC23","จักราชวิทยา_SC23"
"H4KC64QCPX","TC87","จักราชวิทยา_TC87"
"CQYKNH3HCJ","SC945","จักราชวิทยา_SC945"
"GW49K4RL6M","SC438","จักราชวิทยา_SC438"
"F965WNWPFP","TC100","จักราชวิทยา_TC100"
"J4F0WDW209","SC597","จักราชวิทยา_SC597"
"FFP7Y2NQJQ","SC22","จักราชวิทยา_SC22"
"LWVHPHH9CY","SC814","จักราชวิทยา_SC814"
"MF6WG60HP0","SC177","จักราชวิทยา_SC177"
"JG9HX7N29M","TC124","จักราชวิทยา_TC124"
"MP40MK99NC","SC933","จักราชวิทยา_SC933"
"DL9Y31M4Y4","SC760","จักราชวิทยา_SC760"
"CY24THWDV4","SC375","จักราชวิทยา_SC375"
"CQ2V123FHT","SC887","จักราชวิทยา_SC887"
"JCXMLH073V","SC768","จักราชวิทยา_SC768"
"JQ6MKXMFCJ","SC683","จักราชวิทยา_SC683"
"G2XCGGXWX7","SC929","จักราชวิทยา_SC929"
"GWC21YJXY7","SC195","จักราชวิทยา_SC195"
"G74DFXHXM5","SC223","จักราชวิทยา_SC223"
"D1PD6XL2FP","SC670","จักราชวิทยา_SC670"
"HGD4V66216","SC623","จักราชวิทยา_SC623"
"KG0X2YWP4Y","SC33","จักราชวิทยา_SC33"
"JFM49M9NTH","SC13","จักราชวิทยา_SC13"
"GJ6NFPFHXF","SC01","จักราชวิทยา_SC01"
"GXM44QKWNY","TC85","จักราชวิทยา_TC85"
"K00M706HL0","TC08","จักราชวิทยา_TC08"
"D930XXG7L5","SC770","จักราชวิทยา_SC770"
"DY9MPG70PY","SC828","จักราชวิทยา_SC828"
"DQ10499MGG","SC343","จักราชวิทยา_SC343"
"MRP49797J6","SC859","จักราชวิทยา_SC859"
"F2VNPJYW1Y","SC406","จักราชวิทยา_SC406"
"CKXYKWQCYP","TC79","จักราชวิทยา_TC79"
"C372C0V2TY","SC366","จักราชวิทยา_SC366"
"H66K30J92P","SC914","จักราชวิทยา_SC914"
"F9RR9RFK67","SC1028","จักราชวิทยา_SC1028"
"J4TCWYCXQQ","SC318","จักราชวิทยา_SC318"
"HGV9D9RCQY","SC664","จักราชวิทยา_SC664"
"F0XVM04TDW","SC40","จักราชวิทยา_SC40"
"G2MDJYD4NK","SC472","จักราชวิทยา_SC472"
"HYGYFV54YM","SC993","จักราชวิทยา_SC993"
"LLXW1RQY3K","SC402","จักราชวิทยา_SC402"
"L2FQ6Q7VXD","SC273","จักราชวิทยา_SC273"
"FX1D9MH9C3","SC154","จักราชวิทยา_SC154"
"CYKPXV27V0","SC337","จักราชวิทยา_SC337"
"L0G4CC9T3D","SC309","จักราชวิทยา_SC309"
"MP2WR759RJ","SC531","จักราชวิทยา_SC531"
"LQ45QCFNR2","SC342","จักราชวิทยา_SC342"
"D34G4XTDGD","SC276","จักราชวิทยา_SC276"
"K7G4QTFPYQ","SC1044","จักราชวิทยา_SC1044"
"GQ4JC340R2","TC83","จักราชวิทยา_TC83"
"C4GDJN9J0J","SC465","จักราชวิทยา_SC465"
"L097THKKX4","SC925","จักราชวิทยา_SC925"
"FL9KQCRHXL","SC580","จักราชวิทยา_SC580"
"KK6V2TQ7CQ","SC866","จักราชวิทยา_SC866"
"GJV9F4YWRT","SC1033","จักราชวิทยา_SC1033"
"M665TX4J54","SC09","จักราชวิทยา_SC09"
"FPT6WJ4Q6D","SC679","จักราชวิทยา_SC679"
"K79395Q6MN","SC602","จักราชวิทยา_SC602"
"H49L4CY9JF","TC98","จักราชวิทยา_TC98"
"D9VYVP2VK2","SC1039","จักราชวิทยา_SC1039"
"G22R6WH0QD","SC634","จักราชวิทยา_SC634"
"HGV9RRQ9J2","SC1035","จักราชวิทยา_SC1035"
"JFYQW6NP64","SC685","จักราชวิทยา_SC685"
"MV3N453CFQ","SC259","จักราชวิทยา_SC259"
"KGK9P6PXJ0","SC948","จักราชวิทยา_SC948"
"DKC69X39T6","SC889","จักราชวิทยา_SC889"
"JW60D64T5Q","SC822","จักราชวิทยา_SC822"
"DC4W23GRX0","SC1053","จักราชวิทยา_SC1053"
"CN7PCWY4Y1","SC1045","จักราชวิทยา_SC1045"
"KQDG34Y96P","SC421","จักราชวิทยา_SC421"
"GX63MYQ4YV","SC779","จักราชวิทยา_SC779"
"FQ74N1VJDW","SC260","จักราชวิทยา_SC260"
"GP6T0L6W16","SC624","จักราชวิทยา_SC624"
"F6PP7KWP94","SC550","จักราชวิทยา_SC550"
"G9QK9FRJPC","SC243","จักราชวิทยา_SC243"
"M0066D7TD4","SC46","จักราชวิทยา_SC46"
"H96JFR96RM","SC258","จักราชวิทยา_SC258"
"HHJXJJMFMC","SC178","จักราชวิทยา_SC178"
"JHG9XP65PW","SC04","จักราชวิทยา_SC04"
"F7PDHVH9RN","SC106","จักราชวิทยา_SC106"
"DFDWM6706X","TC47","จักราชวิทยา_TC47"
"JX3PM7656T","TC102","จักราชวิทยา_TC102"
"LYVNQLP43M","SC575","จักราชวิทยา_SC575"
"HY60P7129H","SC270","จักราชวิทยา_SC270"
"HGH605G7CN","SC847","จักราชวิทยา_SC847"
"H2JVWGWLV4","SC448","จักราชวิทยา_SC448"
"M91XJNDWH3","SC675","จักราชวิทยา_SC675"
"C4VV6607Q2","SC205","จักราชวิทยา_SC205"
"CY6N7W6DQR","SC1063","จักราชวิทยา_SC1063"
"DVP37LXWHC","SC529","จักราชวิทยา_SC529"
"CL4QYVGXF0","SC969","จักราชวิทยา_SC969"
"LT9PGPRYWT","SC879","จักราชวิทยา_SC879"
"DY2LMXFNWQ","SC213","จักราชวิทยา_SC213"
"H2G2QDK9LQ","SC911","จักราชวิทยา_SC911"
"KG404H6270","SC862","จักราชวิทยา_SC862"
"M54THR42TH","SC1029","จักราชวิทยา_SC1029"
"FJWQYMH20T","SC917","จักราชวิทยา_SC917"
"JQY2TKHXR1","SC1002","จักราชวิทยา_SC1002"
"HPQ744HHDQ","SC971","จักราชวิทยา_SC971"
"F6G47CW24R","SC614","จักราชวิทยา_SC614"
"C9GG2D69WP","SC611","จักราชวิทยา_SC611"
"FXPJHXCQ96","SC396","จักราชวิทยา_SC396"
"G335255491","SC692","จักราชวิทยา_SC692"
"MWY4T6TK9M","SC70","จักราชวิทยา_SC70"
"L3Q30NJFM7","SC393","จักราชวิทยา_SC393"
"DWK2KJRRCY","SC159","จักราชวิทยา_SC159"
"M90JMFX6C0","SC27","จักราชวิทยา_SC27"
"JQ44MQ2X23","SC218","จักราชวิทยา_SC218"
"CY4MY65G2M","SC201","จักราชวิทยา_SC201"
"CL6LX4J0J3","SC348","จักราชวิทยา_SC348"
"CJCY6W7X6L","SC176","จักราชวิทยา_SC176"
"KF6NKJ91Q7","SC66","จักราชวิทยา_SC66"
"HD66JWG6C9","TC49","จักราชวิทยา_TC49"
"CVPXQDP45P","SC454","จักราชวิทยา_SC454"
"L93L5WW1CV","SC55","จักราชวิทยา_SC55"
"F2J40RYFPT","SC809","จักราชวิทยา_SC809"
"CW7694PKHY","SC429","จักราชวิทยา_SC429"
"L00F7D57L2","TC77","จักราชวิทยา_TC77"
"MCYTG9691D","SC811","จักราชวิทยา_SC811"
"JNV74FM64K","SC931","จักราชวิทยา_SC931"
"MKG2H59K02","SC313","จักราชวิทยา_SC313"
"K7G5V7734F","SC754","จักราชวิทยา_SC754"
"D2NWM17PJY","SC548","จักราชวิทยา_SC548"
"CQ7W6KJLC6","SC591","จักราชวิทยา_SC591"
"HYFPY16WWJ","SC134","จักราชวิทยา_SC134"
"L3K7L6J7ND","SC813","จักราชวิทยา_SC813"
"CNG3PD2JK0","TC123","จักราชวิทยา_TC123"
"K619MFWM96","SC1050","จักราชวิทยา_SC1050"
"DT2G6TWK0P","SC423","จักราชวิทยา_SC423"
"K9R62Q9HTP","SC968","จักราชวิทยา_SC968"
"LVPMQQWL25","SC506","จักราชวิทยา_SC506"
"M6435HHCYM","SC1067","จักราชวิทยา_SC1067"
"KT69477WC5","SC1101","จักราชวิทยา_SC1101"
"C4JWR46D0W","SC590","จักราชวิทยา_SC590"
"LC6NTWQ93D","SC617","จักราชวิทยา_SC617"
"G74RR44MDJ","SC407","จักราชวิทยา_SC407"
"LRF969DTWD","SC555","จักราชวิทยา_SC555"
"H6F2VF7YYG","SC247","จักราชวิทยา_SC247"
"J9TW966V7F","SC558","จักราชวิทยา_SC558"
"K6T9W563XY","SC544","จักราชวิทยา_SC544"
"DXHH7JVMYN","TC84","จักราชวิทยา_TC84"
"MQFWGX70KK","TC40","จักราชวิทยา_TC40"
"MH6C0FNVXL","TC116","จักราชวิทยา_TC116"
"KQ3W3LQG3G","SC780","จักราชวิทยา_SC780"
"DXV704V74Q","SC561","จักราชวิทยา_SC561"
"MGVHQ2K343","SC127","จักราชวิทยา_SC127"
"MHG7MGYC41","SC974","จักราชวิทยา_SC974"
"CLW014VNXH","SC1096","จักราชวิทยา_SC1096"
"FCFX7GR2DK","SC940","จักราชวิทยา_SC940"
"MQH7GJG94Q","SC824","จักราชวิทยา_SC824"
"MH2NR9K2VT","SC175","จักราชวิทยา_SC175"
"CW41M4N4VW","SC99","จักราชวิทยา_SC99"
"DMXJ2V5603","SC1110","จักราชวิทยา_SC1110"
"MMFHFM07LW","SC783","จักราชวิทยา_SC783"
"D7VMVP9W19","SC53","จักราชวิทยา_SC53"
"D2KKGXQ1VJ","SC584","จักราชวิทยา_SC584"
"L2KQTX2XP3","SC57","จักราชวิทยา_SC57"
"M9HKDYDH97","SC1005","จักราชวิทยา_SC1005"
"CVMHG2QFNQ","SC960","จักราชวิทยา_SC960"
"FTGV23H3JC","SC893","จักราชวิทยา_SC893"
"CY7G1FJYPN","SC440","จักราชวิทยา_SC440"
"HD9L9K9T6W","SC414","จักราชวิทยา_SC414"
"M529CD6VWV","SC425","จักราชวิทยา_SC425"
"LC4YV4C1K2","SC204","จักราชวิทยา_SC204"
"K4GFC9R4FG","SC599","จักราชวิทยา_SC599"
"CFJYW7XXKR","SC02","จักราชวิทยา_SC02"
"M90CJ34Y0F","SC51","จักราชวิทยา_SC51"
"C9WL731HPV","TC52","จักราชวิทยา_TC52"
"F3XM9XPM61","SC784","จักราชวิทยา_SC784"
"GWCYXC239H","SC797","จักราชวิทยา_SC797"
"G45175QJC6","SC282","จักราชวิทยา_SC282"
"FPYF75H4MC","SC216","จักราชวิทยา_SC216"
"F42MN24H56","TC65","จักราชวิทยา_TC65"
"K16J2CV69W","SC774","จักราชวิทยา_SC774"
"FP9WRW37ML","SC1031","จักราชวิทยา_SC1031"
"GPJG239G6M","SC926","จักราชวิทยา_SC926"
"JG7MM21W2F","SC82","จักราชวิทยา_SC82"
"HQML6Y475G","SC899","จักราชวิทยา_SC899"
"H6P6PVC9T9","TC90","จักราชวิทยา_TC90"
"J5QPYX5FPG","SC1111","จักราชวิทยา_SC1111"
"LG770YXRF0","SC1080","จักราชวิทยา_SC1080"
"J56X2M6GPL","SC990","จักราชวิทยา_SC990"
"CGGYKY07Q4","SC907","จักราชวิทยา_SC907"
"GXH29LL4V7","SC1017","จักราชวิทยา_SC1017"
"GRXVMFPMXG","SC612","จักราชวิทยา_SC612"
"FX6TC96LTD","SC490","จักราชวิทยา_SC490"
"KFHYC9WD2Y","SC42","จักราชวิทยา_SC42"
"FLV6DD9YC2","SC420","จักราชวิทยา_SC420"
"JJ2K4W7GT4","SC96","จักราชวิทยา_SC96"
"CL9R40K79H","SC172","จักราชวิทยา_SC172"
"HHYPWVL9GK","SC434","จักราชวิทยา_SC434"
"D1PCQ6MGMQ","TC113","จักราชวิทยา_TC113"
"LF934RHXVN","SC261","จักราชวิทยา_SC261"
"JW32W3XJFV","SC92","จักราชวิทยา_SC92"
"D0H9WT4YRX","SC380","จักราชวิทยา_SC380"
"GF3W9MR70X","SC753","จักราชวิทยา_SC753"
"D6WT62Y06W","SC491","จักราชวิทยา_SC491"
"CV643GVGFC","SC236","จักราชวิทยา_SC236"
"MQ6N16C2V2","SC1048","จักราชวิทยา_SC1048"
"G94T6HXY20","SC849","จักราชวิทยา_SC849"
"HQ5960V9Q6","TC122","จักราชวิทยา_TC122"
"KTY9DC9XC2","SC988","จักราชวิทยา_SC988"
"JJPGKMQDLP","SC1006","จักราชวิทยา_SC1006"
"M1Y5XW2J1H","SC559","จักราชวิทยา_SC559"
"L2TVTF6109","SC449","จักราชวิทยา_SC449"
"J27L403VKP","SC921","จักราชวิทยา_SC921"
"LLQ4K4D6QW","SC73","จักราชวิทยา_SC73"
"ML729N16QK","SC162","จักราชวิทยา_SC162"
"D1W6PF0GN0","SC181","จักราชวิทยา_SC181"
"MXJC43HY5R","SC501","จักราชวิทยา_SC501"
"D9TYF325WR","SC315","จักราชวิทยา_SC315"
"KGKY60YF4V","TC93","จักราชวิทยา_TC93"
"KD2R6MG72V","SC583","จักราชวิทยา_SC583"
"H6XLGYXDLQ","SC547","จักราชวิทยา_SC547"
"GYL30JWXCP","SC708","จักราชวิทยา_SC708"
"GFNY9XK40N","SC1046","จักราชวิทยา_SC1046"
"KXN3642VYJ","SC802","จักราชวิทยา_SC802"
"DCQLW04TYX","SC958","จักราชวิทยา_SC958"
"KJ7H029D20","SC995","จักราชวิทยา_SC995"
"LKXX5X6Q2V","SC551","จักราชวิทยา_SC551"
"GHXT7P9C66","SC589","จักราชวิทยา_SC589"
"K912H6QDH4","SC354","จักราชวิทยา_SC354"
"DWPKT00W4K","SC582","จักราชวิทยา_SC582"
"FY2FG3XYM3","SC194","จักราชวิทยา_SC194"
"H4CHY29R7J","TC57","จักราชวิทยา_TC57"
"C2Q3L4XG26","SC388","จักราชวิทยา_SC388"
"JT79NJVM59","SC363","จักราชวิทยา_SC363"
"F6P39JP79N","SC1019","จักราชวิทยา_SC1019"
"KGPDYPVVR2","SC400","จักราชวิทยา_SC400"
"H1G2DQKKWD","SC297","จักราชวิทยา_SC297"
"JP6Q94JMWG","SC316","จักราชวิทยา_SC316"
"C39XCKXV73","SC1024","จักราชวิทยา_SC1024"
"HW3CJ4T7MP","SC1008","จักราชวิทยา_SC1008"
"H0WKW0TH0Q","SC43","จักราชวิทยา_SC43"
"GRQQVYF4Y4","SC773","จักราชวิทยา_SC773"
"J2X34M4LF4","SC291","จักราชวิทยา_SC291"
"H0GWJD6XFL","SC403","จักราชวิทยา_SC403"
"HT9Y73YVXH","SC458","จักราชวิทยา_SC458"
"LPFDFP6TWV","SC1057","จักราชวิทยา_SC1057"
"D7CYNY9FP9","SC661","จักราชวิทยา_SC661"
"JY27T5QV6M","SC651","จักราชวิทยา_SC651"
"DQYQ09H4V2","SC350","จักราชวิทยา_SC350"
"M1V6J27WL6","SC101","จักราชวิทยา_SC101"
"HXW3JQRX3Y","SC146","จักราชวิทยา_SC146"
"MWCN46H323","SC147","จักราชวิทยา_SC147"
"F7HQRLHH27","SC69","จักราชวิทยา_SC69"
"C9K9MW64C4","TC104","จักราชวิทยา_TC104"
"L235NWHWD9","TC11","จักราชวิทยา_TC11"
"H6RYVJPXL4","SC1016","จักราชวิทยา_SC1016"
"GYN69LCN23","SC443","จักราชวิทยา_SC443"
"C9441NH9FD","SC867","จักราชวิทยา_SC867"
"J67YQ2DFH6","SC757","จักราชวิทยา_SC757"
"MPYJQT7MWW","SC450","จักราชวิทยา_SC450"
"DH3XK5QD2H","SC267","จักราชวิทยา_SC267"
"FQCNQHY99L","SC221","จักราชวิทยา_SC221"
"DP2VFYD9CJ","SC950","จักราชวิทยา_SC950"
"HMVVDGGK6F","SC1066","จักราชวิทยา_SC1066"
"M7T75WDFHQ","SC1089","จักราชวิทยา_SC1089"
"D2L24W49HG","SC650","จักราชวิทยา_SC650"
"DHXN7FVQXP","SC986","จักราชวิทยา_SC986"
"MM97D5459J","SC997","จักราชวิทยา_SC997"
"J3W6FY66XL","SC646","จักราชวิทยา_SC646"
"L463NVFQML","SC569","จักราชวิทยา_SC569"
"L4DD4527YL","SC75","จักราชวิทยา_SC75"
"KV914LFTQ7","SC329","จักราชวิทยา_SC329"
"CKKV90P7PK","TC44","จักราชวิทยา_TC44"
"FXQ0F5439R","TC76","จักราชวิทยา_TC76"
"FPVD97TTXY","SC1052","จักราชวิทยา_SC1052"
"HFJVKP7WYT","SC1103","จักราชวิทยา_SC1103"
"K6925W2M65","SC742","จักราชวิทยา_SC742"
"G90DJTCJQW","SC351","จักราชวิทยา_SC351"
"K4XH74GW4C","SC868","จักราชวิทยา_SC868"
"MWQY929RHY","SC1012","จักราชวิทยา_SC1012"
"JQ2R7RQRQX","SC327","จักราชวิทยา_SC327"
"LC27F5CC60","SC588","จักราชวิทยา_SC588"
"G14YHL4TTH","SC553","จักราชวิทยา_SC553"
"D9CH2FFQNJ","TC89","จักราชวิทยา_TC89"
"JQF2VXCQTQ","TC72","จักราชวิทยา_TC72"
"L1CYT6X71F","SC801","จักราชวิทยา_SC801"
"CD73QJ9Q6P","SC229","จักราชวิทยา_SC229"
"GYG020VQQM","SC630","จักราชวิทยา_SC630"
"G7XCH2MVKD","SC782","จักราชวิทยา_SC782"
"GTPF03GHVV","SC1083","จักราชวิทยา_SC1083"
"M2CK92YF3W","SC818","จักราชวิทยา_SC818"
"JM92RJJ4C9","SC946","จักราชวิทยา_SC946"
"G9W91Y4CNK","SC167","จักราชวิทยา_SC167"
"C9C91KFC7F","SC989","จักราชวิทยา_SC989"
"K4N42LJ4NJ","SC14","จักราชวิทยา_SC14"
"JT9374HM6Y","SC16","จักราชวิทยา_SC16"
"H24L02VXDR","SC271","จักราชวิทยา_SC271"
"GHG7N7V254","SC298","จักราชวิทยา_SC298"
"FYXJ3XNHV6","SC665","จักราชวิทยา_SC665"
"MD3HGMH67J","SC520","จักราชวิทยา_SC520"
"FTPGYD74HR","SC145","จักราชวิทยา_SC145"
"FQ9K7DHQ3X","SC105","จักราชวิทยา_SC105"
"MQ93R4TXPF","TC71","จักราชวิทยา_TC71"
"JP9334L509","SC163","จักราชวิทยา_SC163"
"JW9JV61MV2","SC1021","จักราชวิทยา_SC1021"
"HHCWP2742V","SC994","จักราชวิทยา_SC994"
"FHQ41Q2NFY","SC882","จักราชวิทยา_SC882"
"L127H4VQFL","SC816","จักราชวิทยา_SC816"
"K7099M3Q2Y","SC826","จักราชวิทยา_SC826"
"FC2X024N6G","SC755","จักราชวิทยา_SC755"
"ML66QV5T4Q","SC863","จักราชวิทยา_SC863"
"DFN6F4NWL6","SC391","จักราชวิทยา_SC391"
"JHYRWVP7P9","SC741","จักราชวิทยา_SC741"
"FPHHMQ9QDR","SC668","จักราชวิทยา_SC668"
"GP1QJG36R6","SC87","จักราชวิทยา_SC87"
"L3VYGD6JRD","SC139","จักราชวิทยา_SC139"
"KW36CQT29Q","TC70","จักราชวิทยา_TC70"
"LWF6KVFVXJ","TC73","จักราชวิทยา_TC73"
"CG7L4LP671","SC537","จักราชวิทยา_SC537"
"LVQ2446VM2","SC963","จักราชวิทยา_SC963"
"FQ7TKHQL27","SC340","จักราชวิทยา_SC340"
"KY0RM26X3P","SC1100","จักราชวิทยา_SC1100"
"J34F7V6HH7","SC1113","จักราชวิทยา_SC1113"
"G64M9VTGCQ","SC620","จักราชวิทยา_SC620"
"LT4MW2XGF4","SC949","จักราชวิทยา_SC949"
"GJHP9F0H6K","SC257","จักราชวิทยา_SC257"
"K3JPKQ0KJG","SC592","จักราชวิทยา_SC592"
"F7YW0JX6RW","SC1077","จักราชวิทยา_SC1077"
"JMFV54CYWF","SC246","จักราชวิทยา_SC246"
"FL2XG7Q2XD","SC881","จักราชวิทยา_SC881"
"CXWHYPQ6HG","SC644","จักราชวิทยา_SC644"
"LN9H3QHH5M","SC478","จักราชวิทยา_SC478"
"GT6LXWK4KG","SC489","จักราชวิทยา_SC489"
"K7L3C4W91Y","SC672","จักราชวิทยา_SC672"
"GQQPR7G2DW","SC186","จักราชวิทยา_SC186"
"FJX6VD6626","SC676","จักราชวิทยา_SC676"
"FFQLH32QC1","SC338","จักราชวิทยา_SC338"
"GXLWL96V34","SC299","จักราชวิทยา_SC299"
"FFWW54K6RW","SC119","จักราชวิทยา_SC119"
"J2L54N4J4W","SC08","จักราชวิทยา_SC08"
"F67P12Y0Y3","SC839","จักราชวิทยา_SC839"
"GPVGHG6FM3","SC345","จักราชวิทยา_SC345"
"LXK2D7J30J","SC853","จักราชวิทยา_SC853"
"C9VTX4N1F4","SC317","จักราชวิทยา_SC317"
"JMQ96WP6VV","SC357","จักราชวิทยา_SC357"
"J3V3XYH7RW","SC901","จักราชวิทยา_SC901"
"K9JFYY3N20","SC439","จักราชวิทยา_SC439"
"L504JNY66W","SC910","จักราชวิทยา_SC910"
"FJ4GVKL74R","SC789","จักราชวิทยา_SC789"
"CL9G0P2DQK","SC1076","จักราชวิทยา_SC1076"
"LJYR2YGVMR","SC1088","จักราชวิทยา_SC1088"
"KN4XWJYKW0","SC756","จักราชวิทยา_SC756"
"LKF7QM3H42","SC1069","จักราชวิทยา_SC1069"
"GJG2YWG02F","SC987","จักราชวิทยา_SC987"
"F79FC4PH34","SC371","จักราชวิทยา_SC371"
"CC9Y32V00V","SC549","จักราชวิทยา_SC549"
"MKG9463PC6","SC264","จักราชวิทยา_SC264"
"D7YY7XL4WH","SC245","จักราชวิทยา_SC245"
"HGJGWRQRPK","SC231","จักราชวิทยา_SC231"
"H7G1Q06XJK","SC190","จักราชวิทยา_SC190"
"KLW7VR2W7L","SC65","จักราชวิทยา_SC65"
"GJ03K9Y52R","TC86","จักราชวิทยา_TC86"
"LLK9PF09MY","TC107","จักราชวิทยา_TC107"
"DY7N00T3NX","SC871","จักราชวิทยา_SC871"
"JRVVMM4CTJ","SC444","จักราชวิทยา_SC444"
"M42YYDWP4P","SC166","จักราชวิทยา_SC166"
"D6Q1C322QR","SC344","จักราชวิทยา_SC344"
"MGT2QDT72M","SC1026","จักราชวิทยา_SC1026"
"KTV7FPPVHD","SC894","จักราชวิทยา_SC894"
"LVCXFHVHQH","SC447","จักราชวิทยา_SC447"
"G09DPFHM3H","SC249","จักราชวิทยา_SC249"
"DC6TK2W39N","SC49","จักราชวิทยา_SC49"
"GKPF7F2VNC","SC157","จักราชวิทยา_SC157"
"F3H7PWCC7V","SC1094","จักราชวิทยา_SC1094"
"C5705N91CW","SC58","จักราชวิทยา_SC58"
"GHHDF9P1V4","SC908","จักราชวิทยา_SC908"
"J9F7X5C3G7","TC64","จักราชวิทยา_TC64"
"H49TF5W4JX","SC333","จักราชวิทยา_SC333"
"LP645F76T9","SC293","จักราชวิทยา_SC293"
"FXXWCDKKXT","SC864","จักราชวิทยา_SC864"
"DFL7TXT4ML","SC155","จักราชวิทยา_SC155"
"J46MVW4393","SC890","จักราชวิทยา_SC890"
"FVKWD750DC","SC94","จักราชวิทยา_SC94"
"KFQPH725JC","SC477","จักราชวิทยา_SC477"
"FVPF61T4Y6","SC314","จักราชวิทยา_SC314"
"FHYTR4LQ0L","SC778","จักราชวิทยา_SC778"
"KYPHYPPWQY","SC1034","จักราชวิทยา_SC1034"
"LYYXH4V4HP","SC471","จักราชวิทยา_SC471"
"G6QGX5M0VD","SC534","จักราชวิทยา_SC534"
"J22PK949LY","SC1118","จักราชวิทยา_SC1118"
"F490XV2547","SC898","จักราชวิทยา_SC898"
"M22C4Y9VCC","SC253","จักราชวิทยา_SC253"
"KW4G0QDGJP","SC696","จักราชวิทยา_SC696"
"FYT79KVQ31","SC496","จักราชวิทยา_SC496"
"GHGX7LNH79","SC618","จักราชวิทยา_SC618"
"K2GWMNP3Q1","SC512","จักราชวิทยา_SC512"
"CD7QH9Y225","SC660","จักราชวิทยา_SC660"
"HD9H4HFV71","SC252","จักราชวิทยา_SC252"
"FXH57WJ1QQ","SC524","จักราชวิทยา_SC524"
"KJ96KQH9NK","SC503","จักราชวิทยา_SC503"
"D6XFXV5596","SC279","จักราชวิทยา_SC279"
"JJ9CTWRRVP","SC100","จักราชวิทยา_SC100"
"K7VFCX3VDW","SC12","จักราชวิทยา_SC12"
"K43Y640CNQ","SC153","จักราชวิทยา_SC153"
"HXQV4R96VN","TC07","จักราชวิทยา_TC07"
"H5KQV3344D","TC16","จักราชวิทยา_TC16"
"LQVQ94YFJ9","TC75","จักราชวิทยา_TC75"
"KT76909THH","SC519","จักราชวิทยา_SC519"
"JR2507N9CP","SC492","จักราชวิทยา_SC492"
"JX7GP7LD4C","SC183","จักราชวิทยา_SC183"
"FM6JQ767WW","SC126","จักราชวิทยา_SC126"
"G3XP6649KR","SC141","จักราชวิทยา_SC141"
"C7XJXJX0WP","TC69","จักราชวิทยา_TC69"
"JW59FVD74T","SC256","จักราชวิทยา_SC256"
"CK2DQGQMXK","SC1104","จักราชวิทยา_SC1104"
"DVXHMF6H0C","SC504","จักราชวิทยา_SC504"
"M4QNJHG7G3","SC484","จักราชวิทยา_SC484"
"CX4JY4DDH4","SC116","จักราชวิทยา_SC116"
"H94T47R4TD","SC453","จักราชวิทยา_SC453"
"K5WYDFPHR2","SC884","จักราชวิทยา_SC884"
"H253J4JLY2","SC992","จักราชวิทยา_SC992"
"M3H2X9TWWF","SC980","จักราชวิทยา_SC980"
"J7T7GCWQWQ","SC1081","จักราชวิทยา_SC1081"
"HT6F04QTQ7","SC606","จักราชวิทยา_SC606"
"D3NXM59YJD","SC228","จักราชวิทยา_SC228"
"K3KFCW9H66","SC310","จักราชวิทยา_SC310"
"H71C75PXX2","SC674","จักราชวิทยา_SC674"
"K791LGDTHK","SC60","จักราชวิทยา_SC60"
"CMQCY4K42Q","TC74","จักราชวิทยา_TC74"
"J59Q269KK2","SC191","จักราชวิทยา_SC191"
"J3262TPWDQ","SC820","จักราชวิทยา_SC820"
"JF9YW19JY5","SC497","จักราชวิทยา_SC497"
"L17WP641H7","SC594","จักราชวิทยา_SC594"
"GH60YC5PHL","SC998","จักราชวิทยา_SC998"
"FXH37KP9T3","SC796","จักราชวิทยา_SC796"
"FX92KPQ4N4","SC1097","จักราชวิทยา_SC1097"
"GXR2QWQ0M3","SC1108","จักราชวิทยา_SC1108"
"HJGDQW7QV4","SC815","จักราชวิทยา_SC815"
"LYWX91CD4X","SC1073","จักราชวิทยา_SC1073"
"HGW4RH6NVL","SC1098","จักราชวิทยา_SC1098"
"D25XFWDP7M","SC888","จักราชวิทยา_SC888"
"D9G6XDMGH3","SC1000","จักราชวิทยา_SC1000"
"DDGJN2Y59M","SC1018","จักราชวิทยา_SC1018"
"F56JW1TJLY","SC941","จักราชวิทยา_SC941"
"FXHX74V6J6","SC97","จักราชวิทยา_SC97"
"FX0RHC72WR","SC36","จักราชวิทยา_SC36"
"F99Q32FXC9","SC384","จักราชวิทยา_SC384"
"HXWT3XCJ4X","SC571","จักราชวิทยา_SC571"
"D572YTDWVL","SC281","จักราชวิทยา_SC281"
"D926X4YGGK","SC539","จักราชวิทยา_SC539"
"DHXV2F17QK","SC1117","จักราชวิทยา_SC1117"
"CKYFFHFX15","SC52","จักราชวิทยา_SC52"
"KW4K0GQ056","SC174","จักราชวิทยา_SC174"
"DL2TCXT97T","SC1004","จักราชวิทยา_SC1004"
"GQV9434VQ0","SC224","จักราชวิทยา_SC224"
"FQMQ9W219H","SC1114","จักราชวิทยา_SC1114"
"DMVQW7HP2N","SC1001","จักราชวิทยา_SC1001"
"G5VHWTJW6V","SC787","จักราชวิทยา_SC787"
"M19KR95XXQ","SC939","จักราชวิทยา_SC939"
"KY43DC2Y4Q","SC843","จักราชวิทยา_SC843"
"HLX2FW4PDQ","SC607","จักราชวิทยา_SC607"
"CKKWPXNG6Q","SC1023","จักราชวิทยา_SC1023"
"KTW37DJMVV","SC275","จักราชวิทยา_SC275"
"GMCFVX4RTH","SC493","จักราชวิทยา_SC493"
"MGJQ3P575Y","SC123","จักราชวิทยา_SC123"
"LP9CMJX4CY","SC130","จักราชวิทยา_SC130"
"D524X9LDQW","SC473","จักราชวิทยา_SC473"
"MNXRNWND7V","SC648","จักราชวิทยา_SC648"
"KXHTQDF07K","SC433","จักราชวิทยา_SC433"
"K9DD7D4DG7","SC530","จักราชวิทยา_SC530"
"LNXY2DWF4P","SC823","จักราชวิทยา_SC823"
"C4Q3G2HW3G","SC848","จักราชวิทยา_SC848"
"MVHH0Y04YC","SC200","จักราชวิทยา_SC200"
"MWL5Q6264X","SC781","จักราชวิทยา_SC781"
"GHV9KLF7DH","SC1042","จักราชวิทยา_SC1042"
"HPHHJ24NWJ","SC1074","จักราชวิทยา_SC1074"
"H4MQCQYL2C","SC959","จักราชวิทยา_SC959"
"F57DY4251W","SC804","จักราชวิทยา_SC804"
"LQQTHFQ1YG","SC979","จักราชวิทยา_SC979"
"KW906WH7LJ","SC721","จักราชวิทยา_SC721"
"DKWN7MWH26","SC37","จักราชวิทยา_SC37"
"CM7K44TPQ2","SC121","จักราชวิทยา_SC121"
"MCF2K20G22","SC05","จักราชวิทยา_SC05"
"MYCVYGJW6V","SC142","จักราชวิทยา_SC142"
"K33R7102VN","SC332","จักราชวิทยา_SC332"
"FG6VFWK0M4","SC308","จักราชวิทยา_SC308"
"D401HG3H76","SC906","จักราชวิทยา_SC906"
"G3602XYJ0C","SC95","จักราชวิทยา_SC95"
"CF7DK2QJPV","SC488","จักราชวิทยา_SC488"
"KXKC949FHM","SC904","จักราชวิทยา_SC904"
"LD4323XD2L","SC1047","จักราชวิทยา_SC1047"
"KXWC6030MJ","SC418","จักราชวิทยา_SC418"
"L7JQV259KJ","SC633","จักราชวิทยา_SC633"
"KJJD2XGYJW","SC793","จักราชวิทยา_SC793"
"FQY4K3KVW1","SC207","จักราชวิทยา_SC207"
"G765NY9CTX","SC481","จักราชวิทยา_SC481"
"GFDH670WQM","SC507","จักราชวิทยา_SC507"
"HR2FNYJVX0","TC28","จักราชวิทยา_TC28"
"JFGP7T2RXM","SC927","จักราชวิทยา_SC927"
"LX9RQ96XKV","SC923","จักราชวิทยา_SC923"
"FKPYF6F96J","SC1090","จักราชวิทยา_SC1090"
"KJ52YWVYFN","SC88","จักราชวิทยา_SC88"
"C9W3MJP73T","SC319","จักราชวิทยา_SC319"
"CPVYL97MF2","SC842","จักราชวิทยา_SC842"
"KTH6P493H4","SC806","จักราชวิทยา_SC806"
"H9H90R96CM","SC758","จักราชวิทยา_SC758"
"G9PFMQ03D0","SC821","จักราชวิทยา_SC821"
"GKG4RQ50QR","SC325","จักราชวิทยา_SC325"
"G0FF6NF27M","SC199","จักราชวิทยา_SC199"
"G7PYXTXTWH","SC653","จักราชวิทยา_SC653"
"HDW6N36DHP","SC113","จักราชวิทยา_SC113"
"FR63DDG6QY","SC03","จักราชวิทยา_SC03"
"F9960CWVDF","SC31","จักราชวิทยา_SC31"
"L76V5MHX73","SC56","จักราชวิทยา_SC56"
"JN02360XKK","TC88","จักราชวิทยา_TC88"
"DNQFC64QM9","TC68","จักราชวิทยา_TC68"
"MJ9TC3FJHL","SC196","จักราชวิทยา_SC196"
"CGQ7V3Y4D7","SC220","จักราชวิทยา_SC220"
"JMGCRW27G3","SC365","จักราชวิทยา_SC365"
"KD9XD929KK","SC475","จักราชวิทยา_SC475"
"J37L9W909F","SC144","จักราชวิทยา_SC144"
"H29V0H4750","SC825","จักราชวิทยา_SC825"
"JR6TNHY4LW","SC554","จักราชวิทยา_SC554"
"L6JVVM0JGK","SC999","จักราชวิทยา_SC999"
"HQ54P2YG6X","SC981","จักราชวิทยา_SC981"
"KX37N36H36","SC957","จักราชวิทยา_SC957"
"FYJ4KGXKLW","SC1061","จักราชวิทยา_SC1061"
"FCY7VN46CF","SC1092","จักราชวิทยา_SC1092"
"L2PWN7QKWG","SC1075","จักราชวิทยา_SC1075"
"G2PM02DV71","SC67","จักราชวิทยา_SC67"
"GWXL65PWPG","SC769","จักราชวิทยา_SC769"
"MJ6JKQKJ64","SC514","จักราชวิทยา_SC514"
"C2VTW9JWWH","SC552","จักราชวิทยา_SC552"
"HVJ96QK9CH","SC536","จักราชวิทยา_SC536"
"G542V2XR56","SC89","จักราชวิทยา_SC89"
"FH9NFHVJ75","SC111","จักราชวิทยา_SC111"
"MN4VC2K20C","SC170","จักราชวิทยา_SC170"
"FV7YFHFMPJ","SC546","จักราชวิทยา_SC546"
"LYQ34WJ6W4","SC385","จักราชวิทยา_SC385"
"LV1WRMQ9QN","SC1059","จักราชวิทยา_SC1059"
"KJK4K29T6W","SC870","จักราชวิทยา_SC870"
"LNK44HKPH0","SC615","จักราชวิทยา_SC615"
"HFJV4PV3K7","SC1068","จักราชวิทยา_SC1068"
"HWH9X4FVJD","SC1078","จักราชวิทยา_SC1078"
"H64WN22VYY","SC1020","จักราชวิทยา_SC1020"
"K46DQYP9PG","SC752","จักราชวิทยา_SC752"
"FX23HF4MFD","SC819","จักราชวิทยา_SC819"
"J60M41D7FJ","SC513","จักราชวิทยา_SC513"
"H4CQGPX7NL","SC322","จักราชวิทยา_SC322"
"H9LQJ454Q3","SC262","จักราชวิทยา_SC262"
"G9419K5CQC","TC82","จักราชวิทยา_TC82"
"H3D2F4YJ9L","TC94","จักราชวิทยา_TC94"
"KY07RQR4NK","SC1116","จักราชวิทยา_SC1116"
"HDCQ2LQPNP","SC1022","จักราชวิทยา_SC1022"
"MP7XHQP704","SC1174","จักราชวิทยา_SC1174"
"J7KTV73C6K","SC645","จักราชวิทยา_SC645"
"D7R9C5H2WM","SC149","จักราชวิทยา_SC149"
"JVXL17R622","SC266","จักราชวิทยา_SC266"
"HQ91P9G2Y5","SC64","จักราชวิทยา_SC64"
"F4522PJW1J","TC26","จักราชวิทยา_TC26"
"DGC5K6QFT9","TC110","จักราชวิทยา_TC110"
"G2M6M2RRVV","SC274","จักราชวิทยา_SC274"
"JL4LDQYJWW","SC919","จักราชวิทยา_SC919"
"C6J49HGXNG","SC632","จักราชวิทยา_SC632"
"KVPQGG3YJ0","SC210","จักราชวิทยา_SC210"
"MGQWWQT9XM","SC1010","จักราชวิทยา_SC1010"
"DQ0WHM7XXP","SC965","จักราชวิทยา_SC965"
"HGW5C2M94K","TC24","จักราชวิทยา_TC24"
"G1FY2C664K","SC786","จักราชวิทยา_SC786"
"LT4KH262HP","SC510","จักราชวิทยา_SC510"
"G337GDL621","SC32","จักราชวิทยา_SC32"
"D9P4T0455P","SC578","จักราชวิทยา_SC578"
"F75QFWXDY2","SC185","จักราชวิทยา_SC185"
"MNQDWYJGJN","SC892","จักราชวิทยา_SC892"
"G12PTQWMWK","SC209","จักราชวิทยา_SC209"
"LM25N6HQV6","SC915","จักราชวิทยา_SC915"
"HG4NWL3W42","SC909","จักราชวิทยา_SC909"
"LGJ479MF47","SC131","จักราชวิทยา_SC131"
"K767M3WQ2J","SC600","จักราชวิทยา_SC600"
"DF3DVJ2CQX","SC681","จักราชวิทยา_SC681"
"MTP4LYQPF4","SC442","จักราชวิทยา_SC442"
"FFWWK10QND","SC678","จักราชวิทยา_SC678"
"J9DF3FJ93P","SC456","จักราชวิทยา_SC456"
"LDY04QM7LV","SC41","จักราชวิทยา_SC41"
"FXFHR72KL0","SC263","จักราชวิทยา_SC263"
"C9L54GYW79","SC410","จักราชวิทยา_SC410"
"KWN3HYQKM7","SC62","จักราชวิทยา_SC62"
"FC9F4W29GY","SC978","จักราชวิทยา_SC978"
"HVV36VM99G","SC485","จักราชวิทยา_SC485"
"MJWFX9TM9H","SC1109","จักราชวิทยา_SC1109"
"DTQ2CY9W77","SC72","จักราชวิทยา_SC72"
"H56KL9Y93K","SC480","จักราชวิทยา_SC480"
"GXX23LTXWX","SC26","จักราชวิทยา_SC26"
"JQ1P7PG25G","SC952","จักราชวิทยา_SC952"
"C2Y7GQVCFL","SC137","จักราชวิทยา_SC137"
"DR66KC4M4P","SC280","จักราชวิทยา_SC280"
"FVT7YHQC22","SC362","จักราชวิทยา_SC362"
"FT20V6Q741","SC1040","จักราชวิทยา_SC1040"
"G7NG34RJCM","SC985","จักราชวิทยา_SC985"
"K3QCN7JMWK","SC367","จักราชวิทยา_SC367"
"CCXPMY43TC","SC432","จักราชวิทยา_SC432"
"FVKC49VNPV","SC369","จักราชวิทยา_SC369"
"C269JP4QDF","SC24","จักราชวิทยา_SC24"
"JQX4RY5W5H","SC808","จักราชวิทยา_SC808"
"H47NPHKQ69","SC202","จักราชวิทยา_SC202"
"FN2L4R04FP","SC656","จักราชวิทยา_SC656"
"G7PN4G1930","SC573","จักราชวิทยา_SC573"
"C9G7HVFN2P","SC966","จักราชวิทยา_SC966"
"G4022F171C","SC954","จักราชวิทยา_SC954"
"HQM9WQ2J41","SC1095","จักราชวิทยา_SC1095"
"DN2TWRYXFP","SC242","จักราชวิทยา_SC242"
"DX3N7C4N9V","SC535","จักราชวิทยา_SC535"
"CL6FJQG0QH","SC390","จักราชวิทยา_SC390"
"MPXGK4TMGY","SC331","จักราชวิทยา_SC331"
"LHPKG12JDV","SC93","จักราชวิทยา_SC93"
"L26GNPH69R","TC39","จักราชวิทยา_TC39"
"GDW7FNVYK9","TC35","จักราชวิทยา_TC35"
"M2TKJ74F4X","SC829","จักราชวิทยา_SC829"
"JYR4NNVWHG","SC234","จักราชวิทยา_SC234"
"FD657R4QW4","SC771","จักราชวิทยา_SC771"
"DGQL9GX65Q","SC641","จักราชวิทยา_SC641"
"DL7CT9799H","TC48","จักราชวิทยา_TC48"
"CFXCXJW77H","SC686","จักราชวิทยา_SC686"
"FWV7QLHDWR","SC102","จักราชวิทยา_SC102"
"HM6N6J93JV","SC970","จักราชวิทยา_SC970"
"LW09LQ3J0N","SC461","จักราชวิทยา_SC461"
"M9KQ60L4DP","SC474","จักราชวิทยา_SC474"
"C7HDP2LPGX","SC169","จักราชวิทยา_SC169"
"MYX4R76C2F","SC165","จักราชวิทยา_SC165"
"G2GW9TN22D","SC120","จักราชวิทยา_SC120"
"LJ6J3J4L0M","SC586","จักราชวิทยา_SC586"
"FW3TVW3K5V","TC105","จักราชวิทยา_TC105"
"C9XMPF34GY","SC15","จักราชวิทยา_SC15"
"CYKYPP245N","SC469","จักราชวิทยา_SC469"
"HVVT7F5H4N","SC203","จักราชวิทยา_SC203"
"LV3GCP7WGW","SC764","จักราชวิทยา_SC764"
"G9HXGW265R","SC934","จักราชวิทยา_SC934"
"K9J496K6P6","SC460","จักราชวิทยา_SC460"
"L7RW14PTQC","SC206","จักราชวิทยา_SC206"
"K0H6JXTR2Q","SC368","จักราชวิทยา_SC368"
"L2F2F5WY0T","SC136","จักราชวิทยา_SC136"
"MT4Y3G5P4F","TC50","จักราชวิทยา_TC50"
"J619LQR4FL","SC364","จักราชวิทยา_SC364"
"GY7X7XNN7V","TC20","จักราชวิทยา_TC20"
"KQWP42LQ2Y","SC916","จักราชวิทยา_SC916"
"CTW54DFVCG","SC1051","จักราชวิทยา_SC1051"
"F63WGK99XH","SC944","จักราชวิทยา_SC944"
"H6549LJYCM","SC977","จักราชวิทยา_SC977"
"KW1QYXY2YX","SC625","จักราชวิทยา_SC625"
"JHKJ6PQMFC","SC572","จักราชวิทยา_SC572"
"KW19R5J7RD","SC523","จักราชวิทยา_SC523"
"D6GD26P7GT","SC238","จักราชวิทยา_SC238"
"JYYK4GXLV6","SC50","จักราชวิทยา_SC50"
"MG60Q104G7","SC643","จักราชวิทยา_SC643"
"DXQGHXMVGV","SC81","จักราชวิทยา_SC81"
"G4HHYGQ100","SC851","จักราชวิทยา_SC851"
"F9HWLH91VF","SC805","จักราชวิทยา_SC805"
"H400FJ409C","SC858","จักราชวิทยา_SC858"
"DVWH6YQYHM","SC598","จักราชวิทยา_SC598"
"KW96QYTVPQ","SC688","จักราชวิทยา_SC688"
"JQDQY5J693","SC543","จักราชวิทยา_SC543"
"H6X132X63R","SC430","จักราชวิทยา_SC430"
"J7VH47XDGY","SC76","จักราชวิทยา_SC76"
"GKCF0XJ020","TC109","จักราชวิทยา_TC109"
"LX9TMJ7JVC","TC114","จักราชวิทยา_TC114"
"DHX07T3VW5","SC470","จักราชวิทยา_SC470"
"F335597X7T","SC565","จักราชวิทยา_SC565"
"J6CC9DG45L","SC356","จักราชวิทยา_SC356"
"L95TLPG1QH","SC874","จักราชวิทยา_SC874"
"MC7XHLWMLY","SC376","จักราชวิทยา_SC376"
"LL9TX2366V","SC405","จักราชวิทยา_SC405"
"DH3HJG22LJ","SC180","จักราชวิทยา_SC180"
"C04D7CQR95","SC129","จักราชวิทยา_SC129"
"GCWXHXYTH6","SC140","จักราชวิทยา_SC140"
"MQVKV3XTVG","SC160","จักราชวิทยา_SC160"
"D590K00C4D","TC63","จักราชวิทยา_TC63"
"G0PY23KTYW","SC148","จักราชวิทยา_SC148"
"H49M19Y4G3","SC283","จักราชวิทยา_SC283"
"CPQQX0P6JN","TC59","จักราชวิทยา_TC59"
"G32LQ41QNJ","TC91","จักราชวิทยา_TC91"
"F94XLDD6V2","SC896","จักราชวิทยา_SC896"
"G2R4JXWQQ0","SC188","จักราชวิทยา_SC188"
"CL7WHNQ2F3","SC45","จักราชวิทยา_SC45"
"GD4WL94F77","SC613","จักราชวิทยา_SC613"
"JXPYWJC6GP","SC937","จักราชวิทยา_SC937"
"DK4HTK609V","SC265","จักราชวิทยา_SC265"
"D76M6X2KW9","SC852","จักราชวิทยา_SC852"
"MDV426FKV7","SC222","จักราชวิทยา_SC222"
"DXJ4HR67GR","SC189","จักราชวิทยา_SC189"
"DWC2T9J2FC","SC636","จักราชวิทยา_SC636"
"FM7TJY6KQL","SC495","จักราชวิทยา_SC495"
"K72CNXPR61","SC833","จักราชวิทยา_SC833"
"DQCWF0G726","SC627","จักราชวิทยา_SC627"
"D662W159MH","SC173","จักราชวิทยา_SC173"
"FPMJLY6HYW","SC657","จักราชวิทยา_SC657"
"M4X2Y70JXN","SC671","จักราชวิทยา_SC671"
"G4YXFNWX4R","SC424","จักราชวิทยา_SC424"
"LT2K2YWKYC","SC48","จักราชวิทยา_SC48"
"JK34WDFYTQ","SC07","จักราชวิทยา_SC07"
"G7H3Y7Q9XF","TC09","จักราชวิทยา_TC09"
"MGGNX9G23V","SC464","จักราชวิทยา_SC464"
"CJH6R9HQPW","SC831","จักราชวิทยา_SC831"
"DL2W7012YC","SC1009","จักราชวิทยา_SC1009"
"GXQQ779K22","SC382","จักราชวิทยา_SC382"
"HMX652YFWC","SC498","จักราชวิทยา_SC498"
"GQFHC9RD9C","SC516","จักราชวิทยา_SC516"
"L702GPJX9H","SC462","จักราชวิทยา_SC462"
"GY730MM2RW","SC370","จักราชวิทยา_SC370"
"FQ9TT72MGG","SC850","จักราชวิทยา_SC850"
"LF73HTK4CV","SC1041","จักราชวิทยา_SC1041"
"M44LH29QYW","SC446","จักราชวิทยา_SC446"
"L6NJ2JT7X7","SC241","จักราชวิทยา_SC241"
"CXDMXWF6C6","SC967","จักราชวิทยา_SC967"
"F61PQNH54R","SC767","จักราชวิทยา_SC767"
"G37M69FW95","SC394","จักราชวิทยา_SC394"
"K7GK4V2M2T","SC411","จักราชวิทยา_SC411"
"K2T19DM4G4","TC112","จักราชวิทยา_TC112"
"CJ3C2C4XDR","TC13","จักราชวิทยา_TC13"
"LGQ63C24RY","SC235","จักราชวิทยา_SC235"
"C9XWX0VTK6","SC991","จักราชวิทยา_SC991"
"LL4RK7M0MP","SC935","จักราชวิทยา_SC935"
"G1Q96P0WYY","SC1011","จักราชวิทยา_SC1011"
"C7YRQM369R","SC227","จักราชวิทยา_SC227"
"LGKMHCQ324","SC662","จักราชวิทยา_SC662"
"G0FG4CF9V4","SC568","จักราชวิทยา_SC568"
"GV14LV771R","SC603","จักราชวิทยา_SC603"
"MXRRQ0RVK0","SC302","จักราชวิทยา_SC302"
"MXPXH6X4T3","SC540","จักราชวิทยา_SC540"
"GCTQPH2LCQ","SC334","จักราชวิทยา_SC334"
"C4YVYHJK2F","SC84","จักราชวิทยา_SC84"
"FLKQ41R4W4","TC99","จักราชวิทยา_TC99"
"CQ543T7N1V","SC746","จักราชวิทยา_SC746"
"K6NT7LRR2L","SC83","จักราชวิทยา_SC83"
"J217KJW3TL","SC803","จักราชวิทยา_SC803"
"FNQ73QQLFJ","SC398","จักราชวิทยา_SC398"
"J39L2T56Y4","SC150","จักราชวิทยา_SC150"
"FPN796N30L","SC38","จักราชวิทยา_SC38"
"L2FY20427G","SC798","จักราชวิทยา_SC798"
"F4QFW5L47G","SC295","จักราชวิทยา_SC295"
"F2K4P635HL","SC1112","จักราชวิทยา_SC1112"
"M73FX4J7P7","SC605","จักราชวิทยา_SC605"
"FWHKYX5609","SC347","จักราชวิทยา_SC347"
"MHFDK692VM","SC80","จักราชวิทยา_SC80"
"CY7MWQ7W0K","SC541","จักราชวิทยา_SC541"
"LR7L0MHKQ6","TC27","จักราชวิทยา_TC27"
"DK99GP7XP9","SC39","จักราชวิทยา_SC39"
"L24260TKX5","SC1084","จักราชวิทยา_SC1084"
"K0M25FV30Q","TC46","จักราชวิทยา_TC46"
"LH9F4RNVMH","SC463","จักราชวิทยา_SC463"
"MFQR6059VM","SC179","จักราชวิทยา_SC179"
"L9WMVQC9TL","SC138","จักราชวิทยา_SC138"
"CYXRYVWCMV","SC865","จักราชวิทยา_SC865"
"GL4VMKQK50","SC1087","จักราชวิทยา_SC1087"
"CNFQGQ7P71","SC943","จักราชวิทยา_SC943"
"HWLTWQCQ74","SC399","จักราชวิทยา_SC399"
"CJJWFHVK20","SC415","จักราชวิทยา_SC415"
"DCGG7KK439","SC427","จักราชวิทยา_SC427"
"JV9PQJ0VXM","SC128","จักราชวิทยา_SC128"
"CQT976DV9N","SC286","จักราชวิทยา_SC286"
"FNH2DVH990","SC457","จักราชวิทยา_SC457"
"HF7H23X2CP","SC876","จักราชวิทยา_SC876"
"JC4TQ7R7FK","SC772","จักราชวิทยา_SC772"
"HQPX647W6M","SC401","จักราชวิทยา_SC401"
"D4C5JM9G2T","SC254","จักราชวิทยา_SC254"
"L6RMYWK9XJ","SC379","จักราชวิทยา_SC379"
"FQ7C3HJDFY","TC25","จักราชวิทยา_TC25"
"J4J03J9LYJ","SC436","จักราชวิทยา_SC436"
"JGHPQ6WRW9","SC353","จักราชวิทยา_SC353"
"J5T9FK2417","SC226","จักราชวิทยา_SC226"
"J4JYKQMYWV","SC487","จักราชวิทยา_SC487"
"M4YR2RFQHW","SC1013","จักราชวิทยา_SC1013"
"JK216M7NX3","SC905","จักราชวิทยา_SC905"
"FR2XD212NH","SC844","จักราชวิทยา_SC844"
"H5C25YK9V7","SC251","จักราชวิทยา_SC251"
"CNV36FM0J4","SC244","จักราชวิทยา_SC244"
"LT49V39L9M","SC300","จักราชวิทยา_SC300"
"MQYD2QM2P2","SC792","จักราชวิทยา_SC792"
"LWH9NHDXRQ","SC483","จักราชวิทยา_SC483"
"HJXPFPPVGC","TC117","จักราชวิทยา_TC117"
"GHQFY27N3T","SC397","จักราชวิทยา_SC397"
"J7JC20VX1H","SC455","จักราชวิทยา_SC455"
"LJNXTXTXGP","SC355","จักราชวิทยา_SC355"
"KNQ93WJYR2","SC499","จักราชวิทยา_SC499"
"HFHW2MYWGV","SC132","จักราชวิทยา_SC132"
"KGW7F0J2D0","SC358","จักราชวิทยา_SC358"
"LXQX1G373N","SC133","จักราชวิทยา_SC133"
"DG490FKY7W","SC85","จักราชวิทยา_SC85"
"CQJ43PPGHJ","SC515","จักราชวิทยา_SC515"
"F50QYH599Q","SC525","จักราชวิทยา_SC525"
"HNJWX199KR","SC19","จักราชวิทยา_SC19"
"H7VMYYCFYY","SC359","จักราชวิทยา_SC359"
"G4V762T20G","SC508","จักราชวิทยา_SC508"
"J400906YL0","SC250","จักราชวิทยา_SC250"
"DCJ31C6XDQ","TC121","จักราชวิทยา_TC121"
"FVHW4K6JVV","SC861","จักราชวิทยา_SC861"
"FJJ6G7PQM4","SC451","จักราชวิทยา_SC451"
"FM2XG7Q2LC","SC184","จักราชวิทยา_SC184"
"H2WLT2LNP4","TC66","จักราชวิทยา_TC66"
"HJD2QDH72C","SC799","จักราชวิทยา_SC799"
"D5P2TNHXN1","SC374","จักราชวิทยา_SC374"
"LDD2KFF9TM","TC18","จักราชวิทยา_TC18"
"F2TW2M19RR","SC626","จักราชวิทยา_SC626"
"KQJ9K7W50Y","SC984","จักราชวิทยา_SC984"
"FHFVT2T205","SC669","จักราชวิทยา_SC669"
"J7GMX944KW","SC635","จักราชวิทยา_SC635"
"LKGJDFR90N","SC104","จักราชวิทยา_SC104"
"JLJWXXFR61","TC62","จักราชวิทยา_TC62"
"FX7R3QDRXK","SC212","จักราชวิทยา_SC212"
"D6JJMVT94N","TC38","จักราชวิทยา_TC38"
"CTPQQYN3L7","SC1082","จักราชวิทยา_SC1082"
"JYVHG9Y2MY","SC976","จักราชวิทยา_SC976"
"K27YGP6GP7","SC812","จักราชวิทยา_SC812"
"HVQ9WYFRV0","SC151","จักราชวิทยา_SC151"
"DFYGHY3G2Q","TC101","จักราชวิทยา_TC101"
"GT73GQYCH6","SC557","จักราชวิทยา_SC557"
"J1HWXHT902","SC500","จักราชวิทยา_SC500"
"J3Y4GHXV59","SC361","จักราชวิทยา_SC361"
"J6JRVP2WT2","TC58","จักราชวิทยา_TC58"
"L21XM9YJT2","SC1037","จักราชวิทยา_SC1037"
"HQKLH6DWJC","SC528","จักราชวิทยา_SC528"
"HXGV3HT2JK","SC328","จักราชวิทยา_SC328"
"JV72N0L075","SC18","จักราชวิทยา_SC18"
"JV42NWL26N","SC109","จักราชวิทยา_SC109"
"J06GMYCXWW","SC34","จักราชวิทยา_SC34"
"MD7F5Q6RL1","SC527","จักราชวิทยา_SC527"
"HJYX5WFTQJ","SC1049","จักราชวิทยา_SC1049"
"D9PR430X3W","SC749","จักราชวิทยา_SC749"
"M9J33K92WM","SC673","จักราชวิทยา_SC673"
"CQ2403M4FJ","SC628","จักราชวิทยา_SC628"
"H2FMY773MP","SC06","จักราชวิทยา_SC06"
"FMK73C6MHT","SC248","จักราชวิทยา_SC248"
"FYHR26Q647","TC36","จักราชวิทยา_TC36"
"F96Y6FKPXM","SC294","จักราชวิทยา_SC294"
"C36444YW7X","SC836","จักราชวิทยา_SC836"
"CVNC434JXJ","TC43","จักราชวิทยา_TC43"
"G9W4J9JJXV","SC1099","จักราชวิทยา_SC1099"
"FPM7DW3X2G","SC304","จักราชวิทยา_SC304"
"KXN3GN02WK","SC428","จักราชวิทยา_SC428"
"MX4577XRTJ","SC642","จักราชวิทยา_SC642"
"DG7R06XRP0","SC924","จักราชวิทยา_SC924"
"KKPJ94T7LM","SC877","จักราชวิทยา_SC877"
"K7YFNQ90XD","SC479","จักราชวิทยา_SC479"
"M9NF2H7H6R","SC639","จักราชวิทยา_SC639"
"F2X0LFJ7M1","SC521","จักราชวิทยา_SC521"
"M3HPL7WF49","SC237","จักราชวิทยา_SC237"
"KH0096RQQG","SC285","จักราชวิทยา_SC285"
"FK40THHC02","TC32","จักราชวิทยา_TC32"
"LVY7VX7J5W","SC445","จักราชวิทยา_SC445"
"FHT7GJ6WTQ","SC532","จักราชวิทยา_SC532"
"HNVMYWYRLH","SC232","จักราชวิทยา_SC232"
"L07M2XVKDG","SC114","จักราชวิทยา_SC114"
"M0XL19H6MR","SC659","จักราชวิทยา_SC659"
"JYKH69WJHQ","SC494","จักราชวิทยา_SC494"
"CYYQW9TQN7","SC1055","จักราชวิทยา_SC1055"
"CVYVJ2FMQP","SC936","จักราชวิทยา_SC936"
"JVKVXX9RT7","SC616","จักราชวิทยา_SC616"
"KWKXV6K2MG","SC610","จักราชวิทยา_SC610"
"MQ2MGXQQJQ","TC06","จักราชวิทยา_TC06"
"GMVHGWYLVQ","SC352","จักราชวิทยา_SC352"
"MV4GL26QTN","SC372","จักราชวิทยา_SC372"
"JX7LVJLCM2","SC373","จักราชวิทยา_SC373"
"LP2P04WJWL","SC763","จักราชวิทยา_SC763"
"C37CQPFHFX","SC800","จักราชวิทยา_SC800"
"FCVJ2P52MX","SC1036","จักราชวิทยา_SC1036"
"GRWV49Q00F","SC587","จักราชวิทยา_SC587"
"DJVHC070NK","SC1027","จักราชวิทยา_SC1027"
"D7FYJXLD2L","SC59","จักราชวิทยา_SC59"
"FL2WTCWM00","SC562","จักราชวิทยา_SC562"
"M2RW4FV407","SC885","จักราชวิทยา_SC885"
"LQ6FG402NV","SC341","จักราชวิทยา_SC341"
"CTW9XJMWP1","SC795","จักราชวิทยา_SC795"
"H9L646LN97","SC1115","จักราชวิทยา_SC1115"
"GDXL3R9JJV","SC1032","จักราชวิทยา_SC1032"
"FQ9H75YVQQ","SC389","จักราชวิทยา_SC389"
"C2JN9CL6R4","SC649","จักราชวิทยา_SC649"
"KKWWLYWG4X","SC880","จักราชวิทยา_SC880"
"J4Y94W90Y0","SC435","จักราชวิทยา_SC435"
"KX4TQR7NQH","TC106","จักราชวิทยา_TC106"
"CXH9W27VQQ","SC290","จักราชวิทยา_SC290"
"L0J6D7C4CX","SC409","จักราชวิทยา_SC409"
"L9MPPFXCFH","SC835","จักราชวิทยา_SC835"
"DF3YY2YG5C","SC666","จักราชวิทยา_SC666"
"H3DY2C7QC9","TC53","จักราชวิทยา_TC53"
"LWT7LN2XJH","SC360","จักราชวิทยา_SC360"
"FXXK6GG4HH","SC17","จักราชวิทยา_SC17"
"HXNMYCVQNH","SC98","จักราชวิทยา_SC98"
"HQ7K4QN3TQ","SC292","จักราชวิทยา_SC292"
"M1VYXQ5F02","SC1091","จักราชวิทยา_SC1091"
"KDCX9MD3WM","SC71","จักราชวิทยา_SC71"
"G2RV9JPXFQ","SC392","จักราชวิทยา_SC392"
"FW2G65QJ6Y","SC930","จักราชวิทยา_SC930"
"F4JFJXPK7Q","SC486","จักราชวิทยา_SC486"
"M12K40J411","SC1060","จักราชวิทยา_SC1060"
"GH6WC2G6KC","SC680","จักราชวิทยา_SC680"
"KMGF43Y7GX","SC810","จักราชวิทยา_SC810"
"J21XH66W4N","TC119","จักราชวิทยา_TC119"
"FY49194C66","SC468","จักราชวิทยา_SC468"
"HHXGFCW4YL","SC77","จักราชวิทยา_SC77"
"F9M3XPM9DP","SC118","จักราชวิทยา_SC118"
"HKHF212T65","SC533","จักราชวิทยา_SC533"
"C12H5HK043","TC37","จักราชวิทยา_TC37"
"GY42L0YVPK","TC01","จักราชวิทยา_TC01"
"MNQVV2LRP2","TC02","จักราชวิทยา_TC02"
"G12MJ7T40D","SC61","จักราชวิทยา_SC61"
"LM22CXT3GH","TC95","จักราชวิทยา_TC95"
"K6GMH79XXV","TC12","จักราชวิทยา_TC12"
"C27F96PFQW","SC306","จักราชวิทยา_SC306"
"FDWKKWVW5M","SC25","จักราชวิทยา_SC25"
"KHWTWQJKX2","TC17","จักราชวิทยา_TC17"
"H2WFJCWJYG","SC459","จักราชวิทยา_SC459"
"G0HPXPK2TV","SC961","จักราชวิทยา_SC961"
"JM91QV6PG3","SC305","จักราชวิทยา_SC305"
"D0MM6QLNXQ","SC522","จักราชวิทยา_SC522"
"CXH9M9F2QM","SC312","จักราชวิทยา_SC312"
"M9694M1YW1","SC122","จักราชวิทยา_SC122"
"D75C36JXCP","SC1093","จักราชวิทยา_SC1093"
"L93CMCQ7PG","SC307","จักราชวิทยา_SC307"
"H2FM2HHV9Q","SC609","จักราชวิทยา_SC609"
"CY0VD4L0JL","TC14","จักราชวิทยา_TC14"
"FQGVX9VDGJ","SC422","จักราชวิทยา_SC422"
"G7D4D730H0","TC21","จักราชวิทยา_TC21"
"LW0J9MM4VP","SC152","จักราชวิทยา_SC152"
"FG72T4N0W6","SC11","จักราชวิทยา_SC11"
"L30N2HFVV3","SC766","จักราชวิทยา_SC766"
"J6G46P79JQ","SC518","จักราชวิทยา_SC518"
"L2LTV176TJ","TC55","จักราชวิทยา_TC55"
"G9WXK03Q3P","SC289","จักราชวิทยา_SC289"
"KX4LW17646","SC288","จักราชวิทยา_SC288"
"KFKVTDQ3GX","SC765","จักราชวิทยา_SC765"
"CKFF7MTGQ9","SC750","จักราชวิทยา_SC750"
"L56PGF65X9","TC31","จักราชวิทยา_TC31"
"HYT6G02DX6","SC395","จักราชวิทยา_SC395"
"K4G2PXN9PC","SC740","จักราชวิทยา_SC740"
"GWPL49KR2N","SC35","จักราชวิทยา_SC35"
"C7QW96JP21","SC608","จักราชวิทยา_SC608"
"F6HT0C24PH","TC41","จักราชวิทยา_TC41"
"D9HN2XYK66","TC54","จักราชวิทยา_TC54"
"FX0K0VMWV3","SC663","จักราชวิทยา_SC663"
"MJ60XMT7NT","SC182","จักราชวิทยา_SC182"
"LVFT2YWVNM","TC67","จักราชวิทยา_TC67"
"JVPQDM9HQF","TC108","จักราชวิทยา_TC108"
"FHNW77HH40","SC381","จักราชวิทยา_SC381"
"JGT4NM2P3J","TC56","จักราชวิทยา_TC56"
"DJLF6V0TDQ","SC303","จักราชวิทยา_SC303"
"LQQP7VKCW7","TC03","จักราชวิทยา_TC03"
"J3WP3J7V34","SC734","จักราชวิทยา_SC734"
"CK6LHH5HJN","TC80","จักราชวิทยา_TC80"
"CGXM6W642K","TC15","จักราชวิทยา_TC15"
"HN4752QL2J","SC601","จักราชวิทยา_SC601"
"M44RN6X5WW","SC724","จักราชวิทยา_SC724"
"MNPC2RKX4Y","TC10","จักราชวิทยา_TC10"
"L4VDQY57HP","SC217","จักราชวิทยา_SC217"
"H7WWFWJDYT","SC730","จักราชวิทยา_SC730"
"F7G3W9RWNW","TC05","จักราชวิทยา_TC05"
"LXLVMJ97WG","SC277","จักราชวิทยา_SC277"
"F9KN12RHC4","TC30","จักราชวิทยา_TC30"
"MF7W6TXFVT","SC296","จักราชวิทยา_SC296"
"G7NP7XJX7Q","SC301","จักราชวิทยา_SC301"
"FD2YWN7K6W","SC711","จักราชวิทยา_SC711"
"D9627FWWY6","SC214","จักราชวิทยา_SC214"
"FW43HH26K9","SC682","จักราชวิทยา_SC682"
"DFW3RY3V20","SC320","จักราชวิทยา_SC320"
"F6YMW2DJ1K","SC20","จักราชวิทยา_SC20"
"DWRY120N4F","TC61","จักราชวิทยา_TC61"
"JW9JHG7K2P","TC60","จักราชวิทยา_TC60"
"L794GJG9VW","SC706","จักราชวิทยา_SC706"
"LV1F0X2RK7","TC42","จักราชวิทยา_TC42"
"CD6LHF9F06","TC96","จักราชวิทยา_TC96"
"HT44X6XTG6","SC604","จักราชวิทยา_SC604"
"LRH02CD6D0","SC723","จักราชวิทยา_SC723"
"L43VM0XJPL","SC744","จักราชวิทยา_SC744"
"LM4YMHX2Y2","SC720","จักราชวิทยา_SC720"
"JNQFGM627N","SC268","จักราชวิทยา_SC268"
"G9XXPYFYF5","SC719","จักราชวิทยา_SC719"
"CX3F2QMQYV","SC737","จักราชวิทยา_SC737"
"H1771YYKW9","SC726","จักราชวิทยา_SC726"
"H2JN7T426H","SC710","จักราชวิทยา_SC710"
"KLJFTQVQ6M","SC595","จักราชวิทยา_SC595"
"LR7F23R75R","SC722","จักราชวิทยา_SC722"
"GY0D4WLF9X","SC135","จักราชวิทยา_SC135"
"LRCG2JGDG6","SC713","จักราชวิทยา_SC713"
"GYHM6FNW60","SC748","จักราชวิทยา_SC748"
"KJJ9GCWYXW","SC739","จักราชวิทยา_SC739"
"L3W2CPFQ47","SC738","จักราชวิทยา_SC738"
"F0CFDWYYDF","SC695","จักราชวิทยา_SC695"
"CVVJ62K9YH","SC90","จักราชวิทยา_SC90"
"CT4W6YHT4J","SC743","จักราชวิทยา_SC743"
"F2LH2NHX12","SC727","จักราชวิทยา_SC727"
"L4YFPDW64Y","SC596","จักราชวิทยา_SC596"
"HYGVX9YYF7","SC387","จักราชวิทยา_SC387"
"DY2HPDQXG7","SC698","จักราชวิทยา_SC698"
"D4HQHCPYNP","SC735","จักราชวิทยา_SC735"
"JTWPF2WFQN","SC718","จักราชวิทยา_SC718"
"D5WW9HGWV0","SC731","จักราชวิทยา_SC731"
"F3PK92YH53","SC693","จักราชวิทยา_SC693"
"K9941FPXH0","SC729","จักราชวิทยา_SC729"
"K2D3H7696P","SC732","จักราชวิทยา_SC732"
"J274W661V9","TC125","จักราชวิทยา_TC125"
"HJHCW7JTCY","SC709","จักราชวิทยา_SC709"
"D9HQVF14D2","SC694","จักราชวิทยา_SC694"
"KFHNYX0J6T","SC700","จักราชวิทยา_SC700"
"LC2XQDNF3F","TC33","จักราชวิทยา_TC33"
"FQPFWT26QD","SC745","จักราชวิทยา_SC745"
"FJFVRWW0XJ","SC703","จักราชวิทยา_SC703"
"J59NVM524G","SC699","จักราชวิทยา_SC699"
"HRXH7Q44Q5","SC733","จักราชวิทยา_SC733"
"K4N02W7X6P","SC335","จักราชวิทยา_SC335"
"CKYQWYG41L","SC725","จักราชวิทยา_SC725"
"GVH321M9V7","SC707","จักราชวิทยา_SC707"
"DKGG205070","SC747","จักราชวิทยา_SC747"
"HKQRKJ64WC","SC697","จักราชวิทยา_SC697"
"FV2JWG7XKP","TC29","จักราชวิทยา_TC29"
"GFJ7N0VYX4","SC714","จักราชวิทยา_SC714"
"C2YC9VMP4X","SC701","จักราชวิทยา_SC701"
"GFYP9W4X29","SC704","จักราชวิทยา_SC704"
"MXJLQGW1H6","SC705","จักราชวิทยา_SC705"
"H66FH20YGG","SC691","จักราชวิทยา_SC691"
"C9X2XLQY9F","SC702","จักราชวิทยา_SC702"
"FY6N0LKVP7","SC690","จักราชวิทยา_SC690"
"CDJNFP4MXM","SC736","จักราชวิทยา_SC736"
"FG9L4Y9HC2","SC717","จักราชวิทยา_SC717"
"MGFPJCWRMJ","SC1127","จักราชวิทยา_SC1127"
"J57T23JLVM","SC658","จักราชวิทยา_SC658"
"JYD76GFP95","SC505","จักราชวิทยา_SC505"
"K66726145X","SC511","จักราชวิทยา_SC511"
"FN0Q552J5C","SC526","จักราชวิทยา_SC526"
"D4J94JQJC5","SC517","จักราชวิทยา_SC517"
"G3JFJQ0MV3","SC311","จักราชวิทยา_SC311"
"K60QV0MHVW","SC509","จักราชวิทยา_SC509"
"JY2G5QL734","SC689","จักราชวิทยา_SC689"
"KD2PRGC4D0","SC1168","จักราชวิทยา_SC1168"
"F5VH373V0R","SC1170","จักราชวิทยา_SC1170"
"JL72V4CGJ9","SC1167","จักราชวิทยา_SC1167"
"JQDC65HX5H","SC1166","จักราชวิทยา_SC1166"
"FDYDC9HTPH","SC1169","จักราชวิทยา_SC1169"
"MQ4YV9G4MQ","SC1157","จักราชวิทยา_SC1157"
"C4RXV471X9","SC1158","จักราชวิทยา_SC1158"
"FVMG0PKWNC","SC1159","จักราชวิทยา_SC1159"
"LXMP4V4LF4","SC1156","จักราชวิทยา_SC1156"
"GN6LXFXJ3X","SC1160","จักราชวิทยา_SC1160"
"M7VY9W7C40","SC873","จักราชวิทยา_SC873"
"HPHW50M4RL","TC115","จักราชวิทยา_TC115"
"DQTHGPM6KF","SC1141","จักราชวิทยา_SC1141"
"MR9FJW21F3","SC1144","จักราชวิทยา_SC1144"
"L25917W4N3","SC1142","จักราชวิทยา_SC1142"
"CWHYH7T5F4","SC1143","จักราชวิทยา_SC1143"
"KTCQ9HVWGM","SC1119","จักราชวิทยา_SC1119"
"H33WX6X3HW","SC1145","จักราชวิทยา_SC1145"
"DVH07R2743","SC1120","จักราชวิทยา_SC1120"
"L4WYKRQXL2","SC1173","จักราชวิทยา_SC1173"
"J7RX4HFRX6","SC1161","จักราชวิทยา_SC1161"
"H3F9HFWGK9","SC1163","จักราชวิทยา_SC1163"
"LX2NC4GWX7","SC1165","จักราชวิทยา_SC1165"
"K7P4R39YKV","SC1172","จักราชวิทยา_SC1172"
"FHYD9NYQ59","SC1162","จักราชวิทยา_SC1162"
"H5HC06G671","SC1164","จักราชวิทยา_SC1164"
"LXCY9Q942G","SC855","จักราชวิทยา_SC855"
"GJFT9G5XF2","SC1171","จักราชวิทยา_SC1171"
"G4JGK6R14T","SC951","จักราชวิทยา_SC951"
"L92WH549JW","SC1071","จักราชวิทยา_SC1071"
"JQD64X49P4","SC1148","จักราชวิทยา_SC1148"
"K9X3W33473","SC1149","จักราชวิทยา_SC1149"
"KYFFVVD7FQ","SC1150","จักราชวิทยา_SC1150"
"G34DVXY9M5","SC1147","จักราชวิทยา_SC1147"
"L1PW4CGWY9","SC1146","จักราชวิทยา_SC1146"
"K07L45NHDQ","SC1122","จักราชวิทยา_SC1122"
"FGWQ02HNFJ","SC1124","จักราชวิทยา_SC1124"
"K4FDJ61QNY","SC1123","จักราชวิทยา_SC1123"
"J0KKXR392T","SC1125","จักราชวิทยา_SC1125"
"F03HFXC99M","SC1121","จักราชวิทยา_SC1121"
"JT6CF7LHVC","SC1154","จักราชวิทยา_SC1154"
"G70QPYMJ6J","SC1151","จักราชวิทยา_SC1151"
"D6WYF6D6HT","SC1153","จักราชวิทยา_SC1153"
"HX7MVK42R7","SC1152","จักราชวิทยา_SC1152"
"F774LVVD6D","SC1014","จักราชวิทยา_SC1014"
"CRWFF22DJP","SC1135","จักราชวิทยา_SC1135"
"GJYPQK3G00","SC1085","จักราชวิทยา_SC1085"
"GJC46KJTG2","SC1155","จักราชวิทยา_SC1155"
"KP91L655W9","SC1131","จักราชวิทยา_SC1131"
"LDQ379FDJ9","SC1133","จักราชวิทยา_SC1133"
"GQGPV4GW75","SC1134","จักราชวิทยา_SC1134"
"D349JWH21Y","SC1132","จักราชวิทยา_SC1132"
"D19VP6YTGQ","SC1126","จักราชวิทยา_SC1126"
"GNW7JG9LH4","SC1128","จักราชวิทยา_SC1128"
"H0CMWW1GK4","SC1129","จักราชวิทยา_SC1129"
"KCWJ41RY77","SC1130","จักราชวิทยา_SC1130"
"GG9PC764FC","SC1138","จักราชวิทยา_SC1138"
"KWLD6HPQTV","SC1140","จักราชวิทยา_SC1140"
"G2CJP4K45G","SC962","จักราชวิทยา_SC962"
"FC7PN6QYFC","SC1139","จักราชวิทยา_SC1139"
"C1FPWJK7M1","SC1137","จักราชวิทยา_SC1137"
"F0CFC4G00W","SC1136","จักราชวิทยา_SC1136"
"GDJK7N04T4","TC19","จักราชวิทยา_TC19"
"CR376XKWPD","TC22","จักราชวิทยา_TC22"
"GJ996MMWCW","TC103","จักราชวิทยา_TC103"
